umpire_id,umpire
1,CB GAFFANEY
2,RJ TUCKER
3,C SHAMSHUDDIN
4,A DESHMUKH
5,VA KULKARNI
6,AK CHAUDHARY
7,CK NANDAN
8,NJ LLONG
9,S RAVI
10,NITIN MENON
11,KN ANANTHAPADMANABHAN
12,A NAND KISHORE
13,VK SHARMA
14,YC BARDE
15,M ERASMUS
16,HDPK DHARMASENA
17,BNJ OXENFORD
18,AY DANDEKAR
19,UV GANDHE
20,IJ GOULD
21,PR REIFFEL
22,RK ILLINGWORTH
23,K SRINIVASAN
24,PG PATHAK
25,J MADANAGOPAL
26,NAVDEEP SINGH
27,TAPAN SHARMA
28,HAS KHALID
29,MA GOUGH
30,N PANDIT
31,R PANDIT
32,CHIRRA RAVIKANTHREDDY
33,NA PATWARDHAN
34,GR SADASHIV IYER
35,VINOD SESHAN
36,A TOTRE
37,MV SAIDHARSHAN KUMAR
38,AG WHARF
39,ABHIJIT BHATTACHARYA
40,A BENGERI
41,AT HOLDSTOCK
42,K SWAROOPANAND
43,P JOSHI
44,M KRISHNADAS
45,K KELKAR
46,KM GANDHI
47,ANISH SAHASRABUDHE
